                  epoch,         train/box_loss,         train/cls_loss,         train/dfl_loss,   metrics/precision(B),      metrics/recall(B),       metrics/mAP50(B),    metrics/mAP50-95(B),           val/box_loss,           val/cls_loss,           val/dfl_loss,                 lr/pg0,                 lr/pg1,                 lr/pg2
                      0,                 3.2592,                 4.2589,                  4.211,                0.00515,                      1,                0.01924,                0.00585,                 2.5429,                 4.2131,                 4.1574,                    0.1,                      0,                      0
                      1,                 3.3254,                 4.1914,                 4.2414,                0.00516,                      1,                0.01647,                0.00584,                 2.5421,                 4.2119,                 4.1555,                0.09908,               8.02e-05,               8.02e-05
                      2,                 2.9176,                 4.2345,                 4.1753,                0.00517,                      1,                0.01854,                 0.0057,                 2.5409,                   4.21,                 4.1533,               0.098121,              0.0001208,              0.0001208
                      3,                 3.2102,                  4.286,                 4.2218,                0.00526,                      1,                0.01859,                0.00596,                 2.5413,                 4.2086,                 4.1513,               0.097122,              0.0001218,              0.0001218
                      4,                 3.1822,                 4.2749,                 4.3395,                0.00165,                    0.5,                0.01323,                0.00525,                 2.5411,                 4.2068,                 4.1491,               0.096083,               8.32e-05,               8.32e-05
